{"cameraMode":{"drawMode":0,"name":"Shaded","section":"Shading Mode"},"sceneLighting":false,"audioPlay":false,"sceneViewState":{"showFog":true,"showMaterialUpdate":false,"showSkybox":false,"showFlares":true,"showImageEffects":true,"showParticleSystems":true},"in2DMode":false,"pivot":{"x":0.6384403109550476,"y":1.6379042863845826,"z":-0.821857213973999},"rotation":{"x":0.0015312553150579334,"y":0.9921467304229736,"z":-0.12447641789913178,"w":0.012204847298562527},"size":3.8214991092681886,"orthographic":false}