{"cameraMode":{"drawMode":0,"name":"Shaded","section":"Shading Mode"},"sceneLighting":false,"audioPlay":false,"sceneViewState":{"showFog":false,"showMaterialUpdate":false,"showSkybox":false,"showFlares":false,"showImageEffects":false,"showParticleSystems":false},"in2DMode":false,"pivot":{"x":0.4006427228450775,"y":0.28180044889450076,"z":-0.14990770816802979},"rotation":{"x":-0.004902669694274664,"y":0.9947794079780579,"z":0.05795144662261009,"w":0.08405926823616028},"size":2.421445846557617,"orthographic":false}