{"cameraMode":{"drawMode":0,"name":"Shaded","section":"Shading Mode"},"sceneLighting":false,"audioPlay":false,"sceneViewState":{"showFog":false,"showMaterialUpdate":false,"showSkybox":false,"showFlares":false,"showImageEffects":false,"showParticleSystems":false},"in2DMode":false,"pivot":{"x":9.258015632629395,"y":-0.41165637969970705,"z":-9.0689115524292},"rotation":{"x":0.021454842761158944,"y":0.9587172269821167,"z":-0.07522986084222794,"w":0.27340325713157656},"size":17.686534881591798,"orthographic":false}