{"cameraMode":{"drawMode":0,"name":"Shaded","section":"Shading Mode"},"sceneLighting":false,"audioPlay":false,"sceneViewState":{"showFog":false,"showMaterialUpdate":false,"showSkybox":false,"showFlares":false,"showImageEffects":false,"showParticleSystems":false},"in2DMode":false,"pivot":{"x":14.5072021484375,"y":31.25811767578125,"z":46.17134094238281},"rotation":{"x":-0.19019709527492524,"y":0.15449243783950807,"z":-0.03032243624329567,"w":-0.9690415859222412},"size":198.20645141601563,"orthographic":false}