{"cameraMode":{"drawMode":0,"name":"Shaded","section":"Shading Mode"},"sceneLighting":false,"audioPlay":false,"sceneViewState":{"showFog":false,"showMaterialUpdate":false,"showSkybox":false,"showFlares":false,"showImageEffects":false,"showParticleSystems":false},"in2DMode":false,"pivot":{"x":-0.2317190319299698,"y":0.27304232120513918,"z":-0.490914523601532},"rotation":{"x":-0.007676743436604738,"y":0.9912750124931336,"z":0.11318767815828324,"w":0.06731367856264115},"size":1.2120587825775147,"orthographic":false}