{"cameraMode":{"drawMode":0,"name":"Shaded","section":"Shading Mode"},"sceneLighting":false,"audioPlay":false,"sceneViewState":{"showFog":false,"showMaterialUpdate":false,"showSkybox":false,"showFlares":false,"showImageEffects":false,"showParticleSystems":false},"in2DMode":false,"pivot":{"x":0.11588382720947266,"y":-2.683137893676758,"z":2.5460596084594728},"rotation":{"x":-0.37043070793151858,"y":0.038158051669597629,"z":-0.015232418663799763,"w":-0.9279512763023377},"size":13.44473648071289,"orthographic":false}