{"cameraMode":{"drawMode":0,"name":"Shaded","section":"Shading Mode"},"sceneLighting":false,"audioPlay":false,"sceneViewState":{"showFog":false,"showMaterialUpdate":false,"showSkybox":false,"showFlares":false,"showImageEffects":false,"showParticleSystems":false},"in2DMode":false,"pivot":{"x":-0.761637806892395,"y":0.11307883262634278,"z":-0.45524862408638},"rotation":{"x":0.004655094817280769,"y":0.6761295795440674,"z":-0.004259417299181223,"w":0.7367824912071228},"size":1.153480052947998,"orthographic":false}